{"cameraMode":{"drawMode":0,"name":"Shaded","section":"Shading Mode"},"sceneLighting":false,"audioPlay":false,"sceneViewState":{"m_AlwaysRefresh":false,"showFog":true,"showSkybox":false,"showFlares":true,"showImageEffects":true,"showParticleSystems":true,"showVisualEffectGraphs":true,"m_FxEnabled":true},"in2DMode":false,"pivot":{"x":-0.22927474975585938,"y":-0.3088407516479492,"z":-0.26985836029052737},"rotation":{"x":0.10057111829519272,"y":0.5219826102256775,"z":-0.06214621663093567,"w":0.8447256088256836},"size":2.4768874645233156,"orthographic":false}