{"cameraMode":{"drawMode":0,"name":"Shaded","section":"Shading Mode"},"sceneLighting":false,"audioPlay":false,"sceneViewState":{"m_AlwaysRefresh":false,"showFog":true,"showSkybox":false,"showFlares":true,"showImageEffects":true,"showParticleSystems":true,"showVisualEffectGraphs":true,"m_FxEnabled":true},"in2DMode":false,"pivot":{"x":0.21183109283447267,"y":1.4969499111175538,"z":-0.17679119110107423},"rotation":{"x":0.10057111829519272,"y":0.5219826102256775,"z":-0.06214621663093567,"w":0.8447256088256836},"size":1.6001765727996827,"orthographic":false}